Site,Groundfrost days,Relative humidity (%),Total rainfall (mm),Partial pressure of water vapour (hPa),Snow lying days
Bridestones,109.8370563,83.59360234,1060.420726,9.858091712,11.33904165
Brimham Moor,92.4634674,81.85459981,1140.376707,9.865754704,10.65322525
Haweswater,97.07380572,83.94019899,2318.630289,9.558928954,17.10264876
Scarth Wood Moor,87.32481499,81.8717862,825.4769538,9.726754269,16.64287303
Whiteside,82.75015104,82.43773915,2053.489456,9.658276081,18.21148539
Widdybanks,113.9768059,83.61430816,1347.771076,9.476542982,28.21100299
