Site,Groundfrost days,Relative humidity (%),Total rainfall (mm),Partial pressure of water vapour (hPa),Snow lying days
Bridestones,104.8961337,83.46839654,1138.978342,9.933258596,9.62469716
Brimham Moor,91.36363754,81.92375879,1226.885674,9.957882069,10.54286697
Haweswater,95.36178724,84.01731198,2431.898635,9.635419518,12.44252172
Scarth Wood Moor,84.44108508,81.92627751,873.2111198,9.82033315,14.66681981
Whiteside,79.67334496,82.41959029,2104.964697,9.726661511,14.65792192
Widdybanks,114.3943005,83.4796764,1400.252238,9.499883649,23.092723
