"","Site","Groundfrost days","Relative humidity (%)","Total rainfall (mm)","Partial pressure of water vapour (hPa)","Snow lying days"
"1","Bridestones",104.896133721667,83.46839654,1138.97834183333,9.93325859616667,9.62469715966667
"2","Brimham Moor",91.3636375383333,81.9237587933333,1226.88567416667,9.95788206916667,10.5428669718333
"3","Haweswater",95.3617872416667,84.0173119783333,2431.89863466667,9.63541951833333,12.442521717
"4","Scarth Wood Moor",84.4410850816667,81.92627751,873.2111198,9.82033315,14.6668198063333
"5","Whiteside",79.67334496,82.41959029,2104.96469683333,9.7266615105,14.6579219153333
"6","Widdybanks",114.394300451667,83.4796764,1400.25223816667,9.49988364916667,23.0927230016667
