"","Site","Groundfrost days","Relative humidity (%)","Total rainfall (mm)","Partial pressure of water vapour (hPa)","Snow lying days"
"1","Bridestones",109.83705628,83.5936023354545,1060.42072629091,9.85809171209091,11.3390416512727
"2","Brimham Moor",92.4634674018182,81.8545998136364,1140.37670680909,9.86575470418182,10.6532252498182
"3","Haweswater",97.0738057190909,83.9401989890909,2318.63028945455,9.55892895372727,17.1026487647273
"4","Scarth Wood Moor",87.32481499,81.8717861963636,825.476953754545,9.72675426881818,16.6428730316364
"5","Whiteside",82.7501510363636,82.4377391472727,2053.48945572727,9.65827608063636,18.2114853883636
"6","Widdybanks",113.976805879091,83.6143081581818,1347.77107627273,9.476542982,28.2110029854545
