"","Site","Groundfrost days","Relative humidity (%)","Total rainfall (mm)","Partial pressure of water vapour (hPa)","Snow lying days"
"61","Bridestones",88.94524559,83.60590655,1164.000137,10.06513604,9.465892217
"62","Scarth Wood Moor",78.02300524,82.23298338,956.9834996,9.979622865,6.072208529
"63","Brimham Moor",75.45610871,82.47159967,1146.442285,10.13630887,8.27939552
"64","Widdybanks",89.68880579,84.29869864,1241.254086,9.670018594,16.12685612
"65","Haweswater",82.62707915,84.66797046,2451.769445,9.731642633,9.818848166
"66","Whiteside",73.44194086,82.97829714,2239.661889,9.784607448,11.05164216
